{"threshold": 0.0029789846268942575, "hist_counts": [86, 243, 690, 983, 1165, 847, 547, 323, 239, 137, 111, 94, 71, 65, 31, 16, 14, 28, 11, 19, 0, 4, 10, 6, 5, 2, 2, 0, 0, 3], "hist_bins": [0.00015736598408480602, 0.00038956863928794655, 0.000621771294491087, 0.0008539739496942276, 0.001086176604897368, 0.0013183792601005086, 0.0015505819153036492, 0.0017827845705067895, 0.00201498722570993, 0.0022471898809130705, 0.002479392536116211, 0.0027115951913193512, 0.002943797846522492, 0.0031760005017256324, 0.0034082031569287728, 0.0036404058121319136, 0.003872608467335054, 0.004104811122538195, 0.0043370137777413355, 0.0045692164329444755, 0.004801419088147616, 0.005033621743350757, 0.005265824398553897, 0.005498027053757038, 0.005730229708960179, 0.005962432364163319, 0.006194635019366459, 0.0064268376745696, 0.00665904032977274, 0.006891242984975881, 0.007123445640179022]}