{"autoencoder": {"loss": [0.037013690918684006, 0.011209015734493732, 0.008705724030733109, 0.007335154805332422, 0.0063086869195103645, 0.005734277423471212, 0.0052864127792418, 0.00484051275998354, 0.004510829225182533, 0.004303501453250647, 0.004109703470021486, 0.003950954414904118, 0.003777662757784128, 0.0036913855001330376, 0.003634890541434288, 0.003485736669972539, 0.0034488928504288197, 0.003329685889184475, 0.0032768892124295235, 0.003123288741335273, 0.0030545759946107864, 0.0029918975196778774, 0.002877198625355959, 0.0027641786728054285, 0.0028135846368968487, 0.00267439684830606, 0.0027491156943142414, 0.0026227249763906, 0.0026648356579244137, 0.002575824037194252, 0.002572367899119854, 0.0025048949755728245, 0.002517526037991047, 0.0025033268611878157, 0.0023793221917003393, 0.0023817787878215313, 0.0023521501570940018, 0.0023149820044636726, 0.0023309311363846064, 0.002385097788646817, 0.0022202127147465944, 0.002153624314814806, 0.0022296239621937275, 0.002134479582309723, 0.0021923792082816362, 0.002207975834608078, 0.0021191872656345367, 0.0021284716203808784, 0.0021355461794883013, 0.002135316375643015], "val_loss": [0.012161179445683956, 0.007858837954699993, 0.006203216500580311, 0.004975039977580309, 0.004467380698770285, 0.0037842837627977133, 0.003553392831236124, 0.0033551782835274935, 0.0029576532542705536, 0.0027350238524377346, 0.002630646340548992, 0.0025348414201289415, 0.002610227558761835, 0.0023766737431287766, 0.002419497584924102, 0.002478303387761116, 0.00220097997225821, 0.0020338487811386585, 0.0019745267927646637, 0.0018253084272146225, 0.0017078961245715618, 0.0018433808581903577, 0.0014616112457588315, 0.0014660554006695747, 0.0015112475957721472, 0.0014175347751006484, 0.0015869701746851206, 0.001543530379422009, 0.001724713365547359, 0.0012490041553974152, 0.0014150411589071155, 0.0013532586162909865, 0.0014743483625352383, 0.0015453067608177662, 0.0014192485250532627, 0.0013538189232349396, 0.0012972804252058268, 0.0013968254206702113, 0.001621957286261022, 0.0013516111066564918, 0.0015120395692065358, 0.0015421215211972594, 0.0012314107734709978, 0.0012987880036234856, 0.0014944142894819379, 0.0013465159572660923, 0.001515898504294455, 0.0014338137116283178, 0.0012297648936510086, 0.0014464313862845302]}, "lstm": {"loss": [1.3287742137908936, 0.7647992968559265, 0.5221254229545593, 0.4381864070892334, 0.402020663022995, 0.36895129084587097, 0.35036492347717285, 0.3344191014766693, 0.32773277163505554, 0.32087916135787964, 0.3111777901649475, 0.30679136514663696, 0.2954919636249542, 0.29584842920303345, 0.29436835646629333, 0.2878233790397644, 0.28629785776138306, 0.28486743569374084, 0.2758874297142029, 0.2797538638114929, 0.27610260248184204, 0.2776111662387848, 0.2713969647884369, 0.2735810875892639, 0.2726951837539673, 0.2685089707374573, 0.26458340883255005, 0.26840800046920776, 0.26672855019569397, 0.26526328921318054, 0.2610456943511963, 0.2572827637195587, 0.26228463649749756, 0.2559643089771271, 0.25533419847488403, 0.2577429711818695, 0.24752135574817657, 0.25080612301826477, 0.2525094747543335, 0.25125956535339355, 0.24757692217826843, 0.24581117928028107, 0.2470449060201645, 0.2489110380411148, 0.24586743116378784, 0.244884192943573, 0.24266846477985382, 0.2421620637178421, 0.24430491030216217, 0.23565980792045593], "accuracy": [0.6397218704223633, 0.7656670808792114, 0.8356366753578186, 0.8515428304672241, 0.8641459941864014, 0.8794437050819397, 0.8856149315834045, 0.8907431364059448, 0.8932638168334961, 0.8990873694419861, 0.897001326084137, 0.8992611765861511, 0.9012603163719177, 0.9009126424789429, 0.9000434875488281, 0.9036940336227417, 0.9047370553016663, 0.9031725525856018, 0.9086484313011169, 0.9067361950874329, 0.9065623879432678, 0.9057800769805908, 0.9087353348731995, 0.9084745645523071, 0.9076923131942749, 0.906214714050293, 0.9102998971939087, 0.9107344746589661, 0.9074315428733826, 0.9089091420173645, 0.9101260304450989, 0.9121251702308655, 0.9113429188728333, 0.9129074215888977, 0.9121251702308655, 0.9135158658027649, 0.9163841605186462, 0.9169057011604309, 0.9156888127326965, 0.915601909160614, 0.9152542352676392, 0.9157757759094238, 0.9171664714813232, 0.9142112135887146, 0.915428102016449, 0.9169057011604309, 0.9169926047325134, 0.9166449308395386, 0.9145588874816895, 0.917079508304596], "val_loss": [2.0420312881469727, 1.1233652830123901, 0.839731752872467, 0.7539534568786621, 0.7068241238594055, 0.6027200222015381, 0.5611358880996704, 0.5869113206863403, 0.6008061766624451, 0.5139300227165222, 0.4863513708114624, 0.524684727191925, 0.4909248650074005, 0.54886794090271, 0.5031078457832336, 0.4954017996788025, 0.5181061029434204, 0.5121936798095703, 0.4776872992515564, 0.5213660001754761, 0.5606046319007874, 0.4265797734260559, 0.5347433686256409, 0.44292473793029785, 0.48100900650024414, 0.43811577558517456, 0.4842406213283539, 0.4319666028022766, 0.5337795615196228, 0.4481748938560486, 0.47228530049324036, 0.4334636926651001, 0.4703312814235687, 0.3974556624889374, 0.4765351712703705, 0.41330686211586, 0.42739179730415344, 0.43262070417404175, 0.4333813488483429, 0.4205958843231201, 0.4624079763889313, 0.4103552997112274, 0.4575560986995697, 0.4665083587169647, 0.4342660903930664, 0.42762911319732666, 0.39648735523223877, 0.4351503252983093, 0.4315950572490692, 0.3890329599380493], "val_accuracy": [0.20994091033935547, 0.6259993314743042, 0.718109130859375, 0.7393117547035217, 0.7486965656280518, 0.7952728271484375, 0.807090699672699, 0.7938824892044067, 0.7855405211448669, 0.822036862373352, 0.8251650929450989, 0.8091762065887451, 0.8244699239730835, 0.8022245168685913, 0.8202989101409912, 0.8237747550010681, 0.8095238208770752, 0.810914158821106, 0.8279457688331604, 0.8105665445327759, 0.8001390099525452, 0.8474105000495911, 0.7987486720085144, 0.8387209177017212, 0.8230795860290527, 0.8321167826652527, 0.8161278963088989, 0.8404588103294373, 0.8043100237846375, 0.8289885520935059, 0.8202989101409912, 0.8352450728416443, 0.8206465244293213, 0.8512338995933533, 0.8161278963088989, 0.8453249931335449, 0.8345499038696289, 0.8303788900375366, 0.8376781344413757, 0.840111255645752, 0.8244699239730835, 0.8474105000495911, 0.8241223692893982, 0.8182134032249451, 0.8307264447212219, 0.8331595659255981, 0.8515815138816833, 0.8328119516372681, 0.8359402418136597, 0.8571428656578064]}}